scene,psnr,ssim,lpips
45a00d135c5388fc_00012,39.9599,0.9791,0.102
eae986c8f31081cc_00051,38.2926,0.9686,0.0999
c1ad4232258e87c9_00014,37.5801,0.9757,0.1229
e9670b30a2c0e348_00001,37.4269,0.9697,0.0652
fbcd62ab8ff30b4f_00013,37.3996,0.9501,0.1304
3a3bc11b9ebb7d44_00017,37.0911,0.9839,0.0757
dff51d96b59df454_00031,37.0033,0.9781,0.0844
59636f39d067119d_00000,36.7759,0.9719,0.0703
fa1f48f6ab912eab_00000,36.493,0.9717,0.0871
4a763e1b87e495a7_00024,36.4909,0.9627,0.0671
189f95593df3c7f1_00004,36.2026,0.9751,0.1021
bb4d7012261ee0ed_00000,36.0529,0.9705,0.0811
b352534bdedb50b3_00005,36.0069,0.973,0.0726
ee9503a872caad73_00006,35.7996,0.9716,0.0772
6b4a5186c2585e08_00032,35.7572,0.9588,0.0952
2c9018ef57c6b061_00019,35.7165,0.9524,0.1129
6558c5f10d45a929_00043,35.586,0.9608,0.1078
357ddf77c7b83cae_00004,35.3178,0.9647,0.1128
0f2197967bb7fa43_00022,35.2035,0.9662,0.1004
cdf439b17a6a98d4_00031,35.1818,0.9619,0.0936
7323eacf27a3f67b_00179,35.1758,0.9517,0.1132
54841308aff91857_00027,35.13,0.957,0.1012
090c672e7e394397_00067,35.1269,0.9658,0.1485
4091c41c6909da3b_00060,35.1176,0.958,0.0966
bac90b67024759ee_00020,35.098,0.9629,0.0787
3d2486ac8822da47_00034,35.0395,0.9674,0.0719
a017b558fa544b08_00000,34.973,0.9645,0.1307
f3ef8cde65afcc5e_00003,34.9432,0.9535,0.1038
f543c249c809b271_00002,34.9237,0.9691,0.0987
e16d5c92b54beff5_00032,34.8713,0.9509,0.0928
427c035484d45682_00010,34.8491,0.969,0.1138
e050b07b90580dba_00025,34.8222,0.9673,0.1087
d25404ee1e0c0607_00000,34.779,0.9755,0.1042
46e0654ccb5d88cf_00002,34.6511,0.9655,0.099
531e3acf16289429_00003,34.5834,0.9483,0.0908
f58edeb874d96974_00002,34.559,0.9642,0.1269
9d0939c256269554_00036,34.5567,0.9683,0.1176
ba0cecbd7351eea2_00026,34.4253,0.9525,0.0924
0d4de33c6888a754_00002,34.4196,0.9468,0.0994
f23ea66496d4592c_00011,34.3852,0.9411,0.1229
5a27f8e07fcdff76_00000,34.3712,0.9527,0.1319
568ef8c24a0b1408_00008,34.3683,0.9691,0.1488
1bf49251fdd23cc0_00003,34.2455,0.9729,0.1026
b7ae0d63cd88cb7e_00005,34.2291,0.9662,0.1186
58adecc8e2e6ae8e_00013,34.205,0.9646,0.0949
9a1b51f094189756_00029,34.2017,0.9553,0.1004
73c5bc59df929e8d_00016,34.1927,0.9578,0.1408
374fa34fe701a30d_00002,34.1681,0.9653,0.072
57d3409bf04c4651_00000,34.0959,0.9641,0.1235
e49065bc8c694f0d_00011,34.0956,0.9545,0.127
54fe098cef530a7f_00024,34.0929,0.9618,0.1071
aa91dfdd5f4ad32b_00008,34.0642,0.964,0.0736
4e0e71a0930d359d_00000,34.0307,0.9673,0.0876
4c4fa41951e37e78_00008,34.0135,0.9743,0.105
1a8466443ffdc6c5_00007,34.0007,0.9511,0.1216
11eb02d24a3241a9_00002,33.9422,0.9612,0.0906
650503eb1bc58d0d_00008,33.9267,0.9407,0.1155
bb6fa5bdafc14e8c_00043,33.9164,0.9658,0.0654
895c7a42a71d6050_00027,33.8743,0.9603,0.0978
10c8e54590f715f7_00006,33.8393,0.9525,0.1112
fa5ef1d3968d1b8e_00012,33.8304,0.9515,0.0951
0c4c5d5f751aabf5_00012,33.779,0.9566,0.094
91ccaa13b322fb9d_00000,33.7647,0.9623,0.1101
074653ff3928b9fe_00017,33.6682,0.9569,0.0855
9490f1219dbbb6ce_00017,33.6577,0.9657,0.1107
6fe141ec9be1a432_00012,33.6198,0.9602,0.1226
a3bc75f0a32b1501_00018,33.6191,0.9533,0.0887
043c48135c5e8cc2_00079,33.6174,0.9685,0.1232
96a7bdbfc462408d_00192,33.5552,0.948,0.0948
e4f4574df7938f37_00000,33.5531,0.9648,0.1231
3176f1532a468cbd_00008,33.5513,0.9666,0.0884
3d8d29bf0d9f24a4_00181,33.5437,0.9529,0.0863
ed477bdf8582adff_00040,33.5237,0.9444,0.1266
a47b88040452d7d9_00035,33.5228,0.9531,0.1108
e9b6564434ba856f_00002,33.4046,0.9423,0.0923
37d0f351f07ee925_00060,33.3743,0.9574,0.1174
ae5c26bc7fe988ea_00012,33.3675,0.9302,0.071
f7d916b43193c181_00007,33.307,0.9447,0.0917
1227d00562c106e2_00116,33.2861,0.9445,0.0816
ee135ea99ddcb32e_00058,33.2451,0.9398,0.1072
e4bcb18fa6aa91be_00032,33.2021,0.9538,0.1386
75d475e9558ab806_00001,33.1836,0.9332,0.0877
8d671600d1ff117c_00056,33.174,0.9513,0.1187
0626b812d67da3c6_00003,33.0822,0.9632,0.1077
9638776e5bc87bc7_00009,33.0577,0.9524,0.0897
d5a254717822d28b_00158,32.9806,0.9428,0.102
9b432f66b54dcee7_00005,32.9406,0.9382,0.0964
701ee1118e22239d_00003,32.913,0.9629,0.1637
a942b6e69847940b_00002,32.892,0.9136,0.1279
62e7d55109468b27_00009,32.8837,0.9771,0.114
8debcd56accec5c3_00008,32.8447,0.9538,0.1107
87f03b8928fc286e_00039,32.8351,0.9232,0.1095
16cd4f1cb2a467c1_00005,32.8331,0.9546,0.1099
fdaab1f49851782c_00031,32.7842,0.9544,0.1166
28e8300e004ab30b_00003,32.766,0.9461,0.1512
f7c0fa5b81552d35_00011,32.7129,0.9524,0.1112
41abd737e0228c1a_00081,32.6653,0.952,0.1013
59d248d6e5d5b35c_00015,32.6279,0.9559,0.1142
f27cb10112666229_00011,32.6145,0.9359,0.1202
3f4f553239e96d90_00020,32.5747,0.941,0.105
068140e09ae5ae8f_00032,32.561,0.9581,0.1006
cb6b6e325aaafcc9_00033,32.5313,0.9441,0.108
7f56a807c4e3fbcb_00012,32.4853,0.9498,0.0965
754f7a46cc9770c6_00003,32.461,0.948,0.0959
350ef3b7bd9d9489_00018,32.4305,0.9457,0.131
1bc87c160d1dc982_00012,32.4271,0.9549,0.0877
bc143130c1842e4b_00029,32.4246,0.944,0.1187
29e0bfbad00f0d5e_00008,32.4002,0.9435,0.1103
a348013b922a1d67_00006,32.3668,0.9244,0.1401
cb38d67088b66084_00049,32.3341,0.943,0.0842
41bcd011f99bfb66_00004,32.3136,0.9641,0.075
5331fddb30f9132e_00006,32.2639,0.9484,0.0978
8038a001feaffb7b_00003,32.2466,0.9636,0.114
9786c8d75194a1bf_00033,32.1846,0.9516,0.0996
e4512bdb2540e049_00101,32.1487,0.9517,0.1262
d7c79e9bf6b0e42e_00026,32.1433,0.9285,0.0974
518f26dcd055d78d_00002,32.0796,0.9384,0.0982
29a09527214b3dc5_00009,32.0508,0.9399,0.1128
50c3e2b700077e76_00060,32.0507,0.9414,0.1334
b11afd8c64079de8_00123,32.0195,0.9578,0.127
2bec33eeeab0bb9d_00005,31.9912,0.9573,0.0849
4047ea5cbe353c08_00016,31.9507,0.9377,0.082
ce51b0b5bcec88e7_00027,31.9212,0.9616,0.1105
e1654fcb98bf93e6_00006,31.9127,0.9423,0.0897
6fdd15be262854f1_00021,31.9031,0.9402,0.0877
bddba93182c33779_00019,31.902,0.9422,0.1271
3aaed2e6422d7d57_00137,31.8809,0.9525,0.1238
f956425e6e6f9863_00048,31.8318,0.9118,0.1625
4b85062505816744_00026,31.8003,0.9469,0.1192
d3a01038c5f21473_00139,31.7731,0.9513,0.1272
180542b70f713d5b_00015,31.7516,0.9554,0.1041
5f8e6b91cb78aa9f_00003,31.7145,0.9461,0.1297
d6cd62354e99289f_00041,31.7081,0.9597,0.1207
f60664acd06e22aa_00040,31.706,0.9544,0.135
88eb992d14f03af3_00006,31.6797,0.945,0.0835
b5fc0c4a2760083b_00025,31.6608,0.8979,0.1647
12f45658983d380d_00045,31.657,0.9416,0.1376
a56ba2efb5e3fdd9_00033,31.6541,0.89,0.1207
2a3baeaa72b86812_00013,31.645,0.9197,0.1519
f2243a6f96faabc9_00012,31.6448,0.9375,0.1399
a6fa92e8204f6118_00002,31.6176,0.954,0.143
dfa54c21e3d2feb4_00010,31.6129,0.9286,0.1174
c19cc383d575e722_00044,31.6023,0.9523,0.1399
0869b66f912b845d_00192,31.5994,0.9352,0.1564
4654bcf019ddaf4f_00002,31.5763,0.9296,0.0965
33517e9838fe5f20_00052,31.5718,0.9366,0.0758
afe4e799a94e06b3_00054,31.504,0.9419,0.1151
11a680776863b321_00009,31.4667,0.9195,0.1061
2c1e6581c64ffb04_00001,31.456,0.9379,0.1132
975e3b9c0ee44348_00198,31.4499,0.9373,0.1146
5df12522d9167d54_00033,31.444,0.8995,0.1515
ed8a46b1aeb9b0e7_00002,31.3908,0.946,0.1171
8951e64bab803550_00004,31.3709,0.945,0.1168
4a1920283e3087de_00002,31.3635,0.9261,0.0849
1b87f55dec310243_00165,31.3583,0.9424,0.1308
bc95e5c7e357f1b7_00035,31.3446,0.9506,0.1256
3dba1838ed366ab5_00017,31.3381,0.9603,0.1184
efa64a0035040381_00127,31.2985,0.8708,0.1485
b6d52e4eac9880b0_00050,31.2939,0.9252,0.192
82afd7cd03ef7111_00039,31.2612,0.9524,0.116
b67312c3e1dbea65_00015,31.2565,0.9531,0.1593
de589d5890b4e6e8_00002,31.2531,0.9351,0.1241
debc3490ba0bd84b_00034,31.2505,0.936,0.0981
cd74b1244d112628_00063,31.2374,0.8968,0.2222
ef1457995bca9afd_00002,31.2346,0.9366,0.1071
cce1ae2fda6376ec_00102,31.2042,0.9369,0.1398
4c8fd5318ae8d467_00161,31.1837,0.9265,0.138
5fa0f6800a909630_00002,31.1669,0.9341,0.1273
0dd9e020b6d9d687_00000,31.1387,0.9489,0.1113
60bf89b196577c8c_00005,31.1377,0.9449,0.1265
ef6d7acf3bcf834c_00060,31.1205,0.9439,0.1573
0425df3e42ba0de3_00152,31.1126,0.9197,0.1504
8b212f2755d955ec_00040,31.1105,0.9367,0.1546
9f22541e0c3894c1_00008,31.0599,0.9465,0.1591
52aef823cc9a031c_00020,31.0478,0.9487,0.1481
f5c2e696cb86b701_00054,31.037,0.9515,0.1407
b4d751f16c3826d8_00001,31.0331,0.9395,0.1438
40ca76de44a6e1a9_00043,31.0032,0.9058,0.1073
ab4c269f8d523d02_00018,30.988,0.9516,0.1164
bde72676dac5dc06_00043,30.9598,0.9432,0.1085
8b760ac05c93a6bb_00026,30.9501,0.9343,0.1383
322261824c4a3003_00033,30.945,0.9309,0.117
602cd3dcd51e706e_00021,30.9279,0.9374,0.1096
2e109379f53bb221_00035,30.9088,0.9358,0.1082
57d25dafabb5a238_00032,30.8921,0.9399,0.1482
af618ffabf190d3a_00000,30.8382,0.9231,0.1148
774712243467068c_00006,30.812,0.901,0.1793
622ef98e83ed5239_00003,30.8114,0.9287,0.0959
e14fc8cb91357b29_00018,30.8105,0.9491,0.1606
8c5136bca99f6b66_00000,30.7871,0.9271,0.1444
b21d13ea38d9ac79_00002,30.7825,0.9194,0.0972
3d60041ab79f46fc_00017,30.748,0.959,0.1139
b73a7e175486c78a_00123,30.7203,0.9503,0.0942
867a9e729b3eced3_00000,30.7062,0.9332,0.091
e87c0a291ec4a45d_00004,30.6427,0.9512,0.1089
37de8da2580d0c1d_00037,30.6405,0.9499,0.1458
414e2bf42ee45cc4_00161,30.6262,0.9129,0.1571
aadc1e2dc74fd644_00002,30.6168,0.8967,0.1241
edba67643c40b399_00077,30.6144,0.9365,0.1193
ed299cc5f85d0edd_00030,30.5573,0.9118,0.1354
de45926738229f67_00022,30.4919,0.9682,0.1617
3094afb27266ee6a_00005,30.4663,0.9344,0.1208
a63c60167d524a5d_00021,30.3884,0.9267,0.1181
31c79c843555c2c6_00005,30.3113,0.8943,0.1299
3f6e7ee98174056b_00044,30.2768,0.858,0.1446
45823117f0acb627_00017,30.2624,0.8783,0.141
9131cc864db80476_00020,30.2276,0.9416,0.1733
e01e8cb797908f8c_00054,30.2073,0.8904,0.1396
f1cf2e1b45e3c789_00107,30.1932,0.9501,0.1265
550ea130af96ccfa_00140,30.1682,0.9208,0.0949
6584cfd8b9eb91f0_00003,30.1604,0.9272,0.1263
51170ef694154b08_00011,30.1464,0.9262,0.1528
252a24d25a1ea81d_00198,30.1366,0.9383,0.1408
e3be10efd916a10f_00014,30.1261,0.9412,0.1153
cfa392a515fbe36a_00002,30.0717,0.9324,0.128
6787db28c797f3ad_00150,30.0316,0.9157,0.1894
7983738c2b4adad4_00014,30.0169,0.9246,0.1195
f06c314b02d35b81_00054,30.0098,0.9259,0.1299
a0d174b988c5ead7_00001,29.9795,0.939,0.1656
01a628e2c509b823_00062,29.9599,0.93,0.1345
9da1817a6a8b398b_00005,29.8699,0.8521,0.1457
9e1f1beb4ba8e5da_00009,29.8104,0.9112,0.1518
2d4efa3897a4ba2d_00004,29.8031,0.909,0.1047
5605c576fc904f00_00022,29.7933,0.9418,0.1296
a6d75912a7fb7e91_00029,29.789,0.9262,0.1433
c439c3b3d45d651d_00050,29.7869,0.9003,0.1604
674dabef8f53b566_00009,29.7856,0.917,0.1102
86cdad3c34f3941f_00010,29.7829,0.9238,0.1035
fe485c8b96b46c0a_00015,29.7555,0.8984,0.1348
ce42e1a9588440c8_00083,29.7524,0.9237,0.1428
4ef560091d948f8e_00063,29.7147,0.9415,0.1051
3b59c7d97b900724_00018,29.6968,0.902,0.1389
22da7610855d6b9d_00050,29.6748,0.9073,0.1705
00a5a2af678f37d5_00043,29.6634,0.9314,0.185
2f5af4b429b2c992_00056,29.6522,0.9277,0.134
05b1462991e38e4d_00134,29.6442,0.8925,0.1439
6dbe9b5b5e77c8a6_00025,29.6359,0.9351,0.1951
f33a903d5af68764_00025,29.6056,0.9091,0.1509
45e81a557d2dd78b_00050,29.6027,0.9414,0.1326
90db3a1e61834d39_00078,29.5576,0.9221,0.1305
5ee7f79d21f7e482_00036,29.5502,0.9517,0.1467
3613c77d8c234008_00012,29.5226,0.9463,0.1313
2445756494ef6e3d_00025,29.4989,0.8833,0.1253
ec954095edaf0f9f_00091,29.4957,0.9379,0.1087
6b1138e2149920fd_00021,29.4949,0.9267,0.1178
848971384d2e2956_00024,29.4893,0.9266,0.095
f13001de94f7dee7_00003,29.4351,0.9444,0.1536
bf426e89f74b4447_00007,29.425,0.9286,0.1211
17f552ef56d85c55_00020,29.402,0.9391,0.0949
f91fbdea76207935_00022,29.3981,0.9653,0.134
bfd1e3bcdbf0fbb9_00003,29.3682,0.912,0.1187
40904cd4b9e0579d_00052,29.3565,0.9272,0.0913
774aa648451ced87_00074,29.3563,0.9366,0.1495
c48f19e2ffa52523_00195,29.3329,0.8992,0.1622
00e8df74b6805da7_00028,29.3045,0.9343,0.1299
e1afd89a69ee6947_00034,29.2851,0.9318,0.1466
2b0b2259a7216762_00100,29.2466,0.9534,0.1076
308681a294d1417b_00035,29.2272,0.9433,0.1464
3087828bc27bc4c7_00015,29.2151,0.9239,0.1339
16b8ab24bd231f9a_00116,29.1989,0.8653,0.1731
af591254c5c30d9f_00054,29.1692,0.9286,0.1134
b70c3d4dcc51f866_00009,29.1248,0.9408,0.1291
a1d38185b8f59a4b_00005,29.1109,0.8755,0.142
d4127110de7604d3_00149,29.1098,0.9065,0.117
8a8289629784b1ba_00009,29.0647,0.9442,0.1435
27daccf898b206de_00004,29.0619,0.8439,0.1411
cbe038e8be4f6b96_00005,29.0567,0.949,0.1308
5c5990b304509a47_00034,29.0494,0.8983,0.1302
f14791aec34dbdcd_00005,28.9989,0.8927,0.1331
dc90deddeacc3d26_00041,28.9718,0.9253,0.1555
9b1df103d73ce624_00017,28.9195,0.8792,0.2029
214df1c2863d2959_00045,28.8994,0.897,0.1047
7695e3556b39ab92_00018,28.8958,0.9078,0.2325
90a62bad0442448d_00031,28.8588,0.9324,0.1107
8cebe36289a4d5a0_00013,28.8557,0.9012,0.1058
818ddc806c9e8f79_00005,28.8483,0.8294,0.1322
7d1a68f312ba2d95_00067,28.8297,0.9207,0.1547
9e2a8cc5f32dd46b_00075,28.8278,0.9281,0.1169
c6a2f7ebc0c4c497_00039,28.8029,0.8776,0.1536
3953f37661087a95_00014,28.7972,0.9332,0.1282
b4ad7779e82513ad_00094,28.7962,0.8285,0.1928
54f97b513d76b3fb_00176,28.7734,0.8833,0.1329
5994761c53eb75ff_00000,28.7423,0.8257,0.1996
1addb7e6bbea3eae_00172,28.7323,0.8892,0.1536
b4ccda687d2470b1_00081,28.725,0.9214,0.165
c76111d57845c911_00026,28.6568,0.9351,0.142
813895d9ceb3f376_00084,28.6258,0.9183,0.2402
7c7bc5285126e6ad_00064,28.5894,0.9143,0.1004
89ea49cd9865aeff_00031,28.5735,0.9297,0.1348
f2e037fd936aac25_00042,28.5727,0.9421,0.1019
5c909c802eb6edb1_00013,28.5541,0.8875,0.1502
8b7fd0f7face0559_00011,28.376,0.8812,0.1476
896664cbc4822c57_00122,28.3669,0.8928,0.1411
84a2ee4663daf456_00031,28.3036,0.9273,0.1384
2da2eeb966bc0ef8_00030,28.3027,0.8399,0.1875
cf2f6b8cf233a07d_00059,28.2616,0.8568,0.16
d42ca7833cd982fb_00014,28.2155,0.9375,0.1314
79ce50fb7b021e1d_00212,28.2044,0.8781,0.1573
e124dfa7e996a414_00048,28.1336,0.9338,0.1239
44a85c75cf4a6da8_00045,28.0896,0.9438,0.1388
2177ca3a775a9ee9_00104,27.9964,0.9361,0.1569
34766105ea9d7a2b_00007,27.9895,0.9042,0.132
d438687082422f1e_00169,27.9615,0.9052,0.158
5d06d35cfc4d456e_00042,27.9497,0.9053,0.1224
b4b95f8961518954_00026,27.9216,0.9367,0.15
6ed53f7a04720147_00028,27.8771,0.8803,0.176
c85f1c5375e60e21_00011,27.8592,0.9293,0.1139
2a8ef9e44f580d13_00021,27.8174,0.8892,0.1265
6361aae2376e35b3_00042,27.8089,0.866,0.1488
e68dd764c51470c0_00027,27.7533,0.8982,0.1567
c7ca0f0e3baf1c3a_00002,27.7471,0.9344,0.1525
7b88a7e1a069a93a_00029,27.7259,0.8879,0.1741
fa81f29d350eace3_00005,27.7153,0.8831,0.1354
ff821ee982e8f194_00050,27.7127,0.9071,0.134
edcd819612829ef6_00007,27.6776,0.9331,0.1351
2fdfa70413053b84_00018,27.666,0.9306,0.1712
9978d648c785ca9f_00012,27.6396,0.8729,0.1465
14f477e7d5af5b91_00017,27.609,0.9309,0.1589
20d86cff490c0c42_00018,27.5856,0.9265,0.1259
b6b1244092471403_00082,27.5837,0.8992,0.1787
6c99592614256138_00056,27.5455,0.9211,0.1104
fcf379edfcfe492c_00043,27.5177,0.9119,0.1452
a7c691c210154b09_00000,27.5145,0.9407,0.1326
c767b97c0d3caca4_00063,27.5007,0.9079,0.1448
c9c221c5d2f549ea_00054,27.49,0.8827,0.1837
6eaf7b55c0a59be9_00106,27.4645,0.9028,0.186
c6c9e352022ce110_00007,27.4444,0.8859,0.1917
247bc2e47eb7f6fa_00113,27.4311,0.8976,0.1563
4a582ee23dd05a8d_00095,27.3969,0.9287,0.1528
281452e730c39fd0_00046,27.3741,0.9229,0.1187
5aca87f95a9412c6_00058,27.3453,0.9071,0.1147
4ce58504b055463e_00074,27.3128,0.8942,0.1918
912177dbf0a1ed6c_00003,27.2771,0.9534,0.1224
dc6c3a7310c42e07_00001,27.2576,0.9074,0.1322
430c6d1f8676fabc_00061,27.2,0.7815,0.2306
01be77405b16df11_00013,27.1935,0.9237,0.134
e9b3ce3fb857d86f_00138,27.1933,0.9163,0.2171
57521976806b42c7_00001,27.1452,0.8594,0.1358
b8a77ae2419b398f_00097,27.1217,0.9425,0.1551
0e8995dcbdd22f48_00027,27.1102,0.9031,0.1934
5be4f1f46b408d68_00108,27.0719,0.9173,0.1279
8453005c232016c7_00036,27.0358,0.9198,0.1215
c71fa7a8db8bbec8_00022,27.0336,0.8565,0.1662
ea238737feca4622_00033,26.9902,0.9053,0.1854
3dc0058dce3828d9_00021,26.9738,0.925,0.1167
adeeb0d485535dfb_00003,26.9534,0.8718,0.1962
6a4a6eb9accd3528_00000,26.953,0.9085,0.1371
71a27a839592fb3a_00000,26.8996,0.8436,0.1559
7158aadeff21a2ff_00073,26.8777,0.8752,0.1826
49235d402cbb8895_00036,26.8717,0.9184,0.1395
dbb340f63c6ae50b_00106,26.8088,0.8758,0.1445
b4099665590548fc_00023,26.8085,0.9306,0.142
156f4c7dca878ff2_00024,26.8002,0.9298,0.1392
399cfd9cfacc0499_00004,26.7721,0.9003,0.149
b8a96066ff35db86_00030,26.7709,0.755,0.2585
84ab392d682f296b_00043,26.7526,0.9053,0.1372
572acd18419c3456_00003,26.6835,0.9032,0.136
59767154863dc444_00021,26.639,0.8932,0.186
358bdee988c269ef_00003,26.633,0.9051,0.1489
f99691764cd67e0c_00049,26.6084,0.8906,0.1719
1225476a1221ce08_00024,26.6024,0.8305,0.1763
a14cdbc8771393d1_00031,26.5647,0.8967,0.1038
f80f0077f529c4d7_00064,26.5365,0.8276,0.187
17d9303ee77c3a3d_00017,26.4875,0.915,0.1371
8ab4c604ecea9c58_00051,26.475,0.7465,0.2258
e9f1e4315562d02c_00038,26.4371,0.8585,0.1455
78e901c8d85e71a7_00015,26.428,0.817,0.1739
21d9134faec148f2_00099,26.4258,0.8531,0.1819
d879362410eaf691_00001,26.4238,0.8759,0.2142
154365ab5a4e067b_00002,26.4196,0.8891,0.1182
071e8c0978097efd_00128,26.4098,0.8702,0.1692
ebb5e70d56341020_00032,26.4025,0.7064,0.2171
20b38e0a985506ba_00014,26.3997,0.8692,0.1644
052430ff6e2c07c4_00019,26.3782,0.892,0.1595
ccdd4b5d45af03e8_00019,26.3562,0.8257,0.2343
be9fe7824449d416_00024,26.3465,0.9105,0.1422
27382fa047b4681a_00007,26.3173,0.7275,0.2477
523bc6753cd13644_00020,26.3132,0.7924,0.1882
3b6d8db52c54b174_00000,26.2839,0.8777,0.1485
2a89b2a52cee9f5f_00211,26.2503,0.8746,0.167
5185cb2d8a7fde08_00010,26.2327,0.8849,0.1844
ed0c2aca14b99efa_00062,26.2299,0.8434,0.22
05c57211be152630_00009,26.1911,0.847,0.1412
e9b506f37c2389cb_00042,26.1752,0.9187,0.1595
88d9ba3324f2ec21_00002,26.113,0.7887,0.2762
8610164dfd89cd44_00003,26.0728,0.8832,0.1204
8b0af1b58d41bcd5_00006,26.0709,0.9031,0.1329
9e784b792f4aa092_00002,26.07,0.7182,0.2824
7ac41312c56a0cc7_00054,26.0662,0.7134,0.243
2e4cac06a4f92261_00002,26.0644,0.8625,0.1964
90131e866868c2f6_00027,26.0642,0.9038,0.1557
51973bc28ad2030d_00000,26.034,0.8732,0.1389
9fdeeee21b106732_00009,26.0259,0.8973,0.1648
1203cc23b881ab8d_00055,26.0236,0.897,0.1356
bfcc43cb05071cf7_00020,25.9753,0.827,0.2273
30fc5fc78c5a716e_00151,25.8881,0.874,0.1553
2e4c69143b09033c_00013,25.8806,0.8628,0.1456
c34b59ec59eb886c_00007,25.8443,0.8907,0.1886
3e5f747d06bc84a3_00085,25.8373,0.9211,0.2341
e2cd09b4dc82ba9b_00033,25.7717,0.8282,0.1743
575fc7cbb9b2d352_00021,25.7117,0.9104,0.18
8adebbb68f2c3f84_00072,25.7079,0.8263,0.2007
127884736471b631_00089,25.6557,0.7395,0.2528
12a70416c92a9483_00042,25.6529,0.7996,0.2387
1f0e06e4388dd600_00044,25.5607,0.8981,0.1581
f649244a6907838c_00015,25.5338,0.8637,0.1638
0c52996355b23d76_00051,25.4753,0.815,0.1561
2341162bce213f2e_00051,25.4431,0.894,0.1602
505a86992cc1b6ce_00005,25.4296,0.8751,0.1585
bb68958771bd013e_00036,25.4151,0.875,0.2023
ffa95c3b40609c76_00120,25.335,0.7936,0.1919
dd6f8f3b56c66aee_00149,25.2996,0.8807,0.1476
46a39a38f2c09d34_00000,25.2245,0.8145,0.162
e43058cb365b9459_00171,25.1024,0.885,0.1484
800ea72b6988f63e_00141,25.0974,0.8529,0.1418
436a235ed74c3d89_00059,25.0954,0.8239,0.199
f4c093d62e3bc637_00014,25.0921,0.9002,0.1593
af55f1aae9438a31_00189,25.0398,0.8394,0.1876
98309bf872051c85_00182,24.9514,0.8303,0.1778
03e756bff92d49dd_00007,24.9206,0.9088,0.1474
2f98ee24d3fc43a2_00078,24.9071,0.9345,0.1577
882c68c70d22f4c5_00049,24.9055,0.8876,0.1133
26b31d71789bffad_00003,24.9051,0.7599,0.177
d4d77d8b3f48c2e9_00013,24.7968,0.8332,0.1602
18c6473be3bd827a_00001,24.7659,0.7913,0.1783
8d5163de9ea4d851_00039,24.7437,0.8418,0.1872
e5fec092b986596d_00009,24.7326,0.8833,0.1521
bf1d955d0d4cad3d_00007,24.6074,0.8791,0.1561
656381bea665bf3d_00027,24.5741,0.8572,0.1546
14cdf4aa7a2de14b_00011,24.5726,0.9092,0.2123
b6fbc2ea0566cea8_00023,24.5039,0.8672,0.1804
145708c0216a06a7_00025,24.3835,0.8723,0.1475
c7f70ca1ccd2588d_00000,24.3519,0.7911,0.18
365fc12b4f33ada3_00035,24.3299,0.7875,0.193
f32643006f1260b9_00034,24.2951,0.7937,0.2431
86a463200232af47_00093,24.2584,0.8447,0.1936
f13a2892e0df0743_00006,24.2511,0.8078,0.1661
1214f2a11a9fc1ed_00103,24.18,0.9212,0.1663
bc7ce58a16724386_00005,24.1787,0.8718,0.1644
df0389efcc51ac2d_00007,24.1425,0.8874,0.1709
67a69088a2695987_00006,24.1098,0.838,0.1749
2482c4388b32f225_00056,24.0842,0.8468,0.2315
2af206730de6f439_00026,24.0452,0.8068,0.1448
f71f8b27e6ef3f7e_00014,23.9898,0.8437,0.1832
44095e87bee5475e_00059,23.9373,0.789,0.2336
4803cf5deca2b38a_00011,23.8911,0.9137,0.1544
81be42df6ccae760_00013,23.845,0.894,0.1997
aaeb7a0ab3303b61_00141,23.8378,0.8522,0.1908
ae4090e8832b90f9_00165,23.7314,0.7851,0.2111
68aaef5b574f98d5_00140,23.7307,0.779,0.1892
c9c30723d7c54793_00152,23.6136,0.6633,0.2682
8c5cc2b59d236f7f_00015,23.576,0.8574,0.1792
6771a51bf0cfce7f_00152,23.5518,0.8368,0.2306
50a356dd9870ac9b_00079,23.4224,0.7496,0.2133
bfd27ad72975e120_00008,23.4086,0.6982,0.2313
15d4a976e4e7d3dd_00187,23.3575,0.9153,0.2001
75fc11bacb566213_00042,23.3525,0.8158,0.2528
3fd084afa49b6499_00020,23.2095,0.7497,0.2032
701c87315926ad90_00062,23.1862,0.7298,0.3281
34b0658a5c200cdf_00000,23.1688,0.8811,0.1443
62bcb465bb03d34f_00006,23.0717,0.8852,0.1186
0e16d64d961fe855_00011,23.0664,0.7955,0.2109
a0dda4b2ec17cde1_00021,22.9968,0.7829,0.2723
bece0bcf62400bce_00052,22.9377,0.8354,0.2513
f5a9a6278a8e44b2_00154,22.8263,0.8186,0.168
341c4533fbcb15a4_00012,22.7344,0.8551,0.1514
6890595879a5790a_00091,22.7257,0.7223,0.3375
21e794f71e31becb_00072,22.6992,0.8026,0.1887
3e1236935a5f70ae_00001,22.5953,0.6988,0.1833
b62fcc6856e45647_00019,22.4599,0.7689,0.2165
3533396ef5f351ba_00038,22.3661,0.7492,0.2361
1defdda324307269_00071,22.3518,0.7566,0.2766
629106572dfe16c7_00095,22.3447,0.8344,0.1719
a16a00a72aa06728_00033,22.2924,0.8186,0.2137
33afdeba3cd5af05_00054,22.2871,0.8274,0.179
b26e6c80d283c4c8_00046,22.1102,0.8272,0.1662
ff7f5042dddd5e12_00025,22.0473,0.8189,0.2575
de67e3a0b0648cfe_00016,21.8454,0.8994,0.1707
ff4c8a31f4153121_00017,21.6959,0.8551,0.1839
3b122e1becb5fcb7_00108,21.6379,0.6195,0.381
fe6690ee4f6c7244_00136,21.494,0.6997,0.2734
753ccd3da86a8cd8_00088,21.278,0.8618,0.2316
cac91919db0b7a85_00022,21.1168,0.8607,0.2398
503d82bee145b841_00142,21.1042,0.8176,0.2689
3a79b9aefafb0b8d_00003,21.033,0.7706,0.2035
c4018c426b7f34fe_00199,21.0174,0.6819,0.3536
20100b779d28b6d5_00062,20.9617,0.8186,0.2127
e5c955c5cad28192_00000,20.9128,0.8664,0.1983
0588138dfec165a1_00070,20.7762,0.8055,0.323
c065104094628e8d_00012,20.6041,0.7513,0.2033
03a78406de1d0993_00005,20.5247,0.6553,0.2783
fea544b472e9abd1_00012,20.502,0.729,0.2025
d93fb7e63006df0b_00044,20.3795,0.7266,0.2155
e621b4536f4da311_00040,19.9814,0.7896,0.2989
f315d65b981724a1_00056,19.9125,0.5192,0.3954
309bed43e4406d72_00012,19.489,0.708,0.3053
c0677cb9b8d767a6_00157,19.4141,0.7621,0.3511
99a8af5125fb4c23_00002,17.9478,0.6441,0.2944
4b4c0c27204604a3_00034,17.1909,0.6721,0.3181
a9b3ff60b213e099_00032,16.0442,0.7716,0.2742
